account_name,pe_firm_count,pe_firms,pe_firm_ids,any_multi_sector_sponsor,any_current,website,sources,company_url,wikipedia_url
Accruent,2,Genstar Capital | Vista Equity Partners,genstar-capital|vista-equity,yes,yes,,official_site,https://www.vistaequitypartners.com/company/accruent/,
Ancestry,2,Permira | Silver Lake,permira|silver-lake,yes,yes,,official_site,https://www.silverlake.com/portfolio/ancestry/,
Applied Systems,2,Hellman & Friedman | Vista Equity Partners,hellman-friedman|vista-equity,no,yes,,official_site,https://hf.com/portfolio/applied-systems-inc/,
Bullhorn,2,Genstar Capital | Vista Equity Partners,genstar-capital|vista-equity,yes,yes,,official_site|wikipedia,https://www.vistaequitypartners.com/company/bullhorn/,https://en.wikipedia.org/wiki/Bullhorn%2C_Inc.
Carta,2,Permira | Silver Lake,permira|silver-lake,yes,yes,,official_site,https://www.silverlake.com/portfolio/carta/,
Ellucian,2,Hellman & Friedman | Vista Equity Partners,hellman-friedman|vista-equity,no,yes,,official_site,https://hf.com/portfolio/ellucian-inc/,
Enverus,2,Genstar Capital | Hellman & Friedman,genstar-capital|hellman-friedman,yes,yes,,official_site,https://hf.com/portfolio/enverus/,
ESO,2,Accel-KKR | Vista Equity Partners,accel-kkr|vista-equity,no,yes,https://www.eso.com,official_site,https://www.accel-kkr.com/portfolio-company/eso/,
Klarna,2,Silver Lake | Vista Equity Partners,silver-lake|vista-equity,no,yes,,official_site,https://www.silverlake.com/portfolio/klarna/,
Splunk,2,Hellman & Friedman | Silver Lake,hellman-friedman|silver-lake,no,yes,,official_site,https://www.silverlake.com/portfolio/splunk-2/,
TeamSystem,2,Hellman & Friedman | Silver Lake,hellman-friedman|silver-lake,no,yes,,official_site,https://www.silverlake.com/portfolio/teamsystem/,
Vertafore,2,Hellman & Friedman | Vista Equity Partners,hellman-friedman|vista-equity,no,yes,,official_site,https://hf.com/portfolio/vertafore-inc/,
2-10 Home Buyers Warranty,1,Genstar Capital,genstar-capital,yes,yes,,official_site,,
365 Retail Markets,1,Providence Equity Partners,providence-equity,yes,yes,,official_site,,
4human,1,Accel-KKR,accel-kkr,no,yes,https://4human.no,official_site,https://www.accel-kkr.com/portfolio-company/4human/,
8am,1,Genstar Capital,genstar-capital,yes,yes,,official_site,,
A Place for Mom,1,Silver Lake,silver-lake,no,yes,,official_site,https://www.silverlake.com/portfolio/a-place-for-mom/,
A2MAC1,1,Providence Equity Partners,providence-equity,yes,yes,,official_site,,
ABRA Auto Body & Glass,1,Hellman & Friedman,hellman-friedman,no,yes,,official_site,https://hf.com/portfolio/abra/,
Abracon,1,Genstar Capital,genstar-capital,yes,yes,,official_site,,
Abrigo,1,Accel-KKR,accel-kkr,no,yes,https://www.abrigo.com,official_site,https://www.accel-kkr.com/portfolio-company/abrigo/,
ABS,1,Permira,permira,yes,yes,,official_site,,
ACA Group,1,Genstar Capital,genstar-capital,yes,yes,,official_site,,
Accelerate Learning,1,Providence Equity Partners,providence-equity,yes,yes,,official_site,,
Accelya,1,Vista Equity Partners,vista-equity,no,yes,,official_site,https://www.vistaequitypartners.com/company/accelya/,
Accertify,1,Accel-KKR,accel-kkr,no,yes,https://www.accertify.com,official_site,https://www.accel-kkr.com/portfolio-company/accertify/,
AccessPay,1,Accel-KKR,accel-kkr,no,yes,https://accesspay.com,official_site,https://www.accel-kkr.com/portfolio-company/accesspay/,
Achievers,1,Silver Lake,silver-lake,no,yes,,official_site,https://www.silverlake.com/portfolio/achievers/,
Acquia,1,Vista Equity Partners,vista-equity,no,yes,,official_site,https://www.vistaequitypartners.com/company/acquia/,
Acrisure,1,Genstar Capital,genstar-capital,yes,yes,,official_site,,
Action,1,Hellman & Friedman,hellman-friedman,no,yes,,official_site,https://hf.com/portfolio/action/,
Activant Solutions,1,Hellman & Friedman,hellman-friedman,no,yes,,official_site,https://hf.com/portfolio/activant/,
ACTIVE Network,1,Vista Equity Partners,vista-equity,no,yes,,official_site,https://www.vistaequitypartners.com/company/active-network/,
Acuity Analytics,1,Permira,permira,yes,yes,,official_site,,
Acumatica,1,Vista Equity Partners,vista-equity,no,yes,,official_site|wikipedia,https://www.vistaequitypartners.com/company/acumatica/,https://en.wikipedia.org/wiki/Acumatica
Aderant,1,Vista Equity Partners,vista-equity,no,yes,,official_site,https://www.vistaequitypartners.com/company/aderant/,
Adevinta,1,Permira,permira,yes,yes,,official_site,,
Advanstar Communications,1,Hellman & Friedman,hellman-friedman,no,yes,,official_site,https://hf.com/portfolio/advanstar-communications/,
Advarra,1,Genstar Capital,genstar-capital,yes,yes,,official_site,,
Advicent Solutions,1,Vista Equity Partners,vista-equity,no,yes,,official_site,https://www.vistaequitypartners.com/company/advicent-solutions/,
AGDATA,1,Vista Equity Partners,vista-equity,no,yes,,official_site,https://www.vistaequitypartners.com/company/agdata/,
Airbnb,1,Silver Lake,silver-lake,no,yes,,geig_article|official_site|wikipedia,https://www.silverlake.com/portfolio/airbnb-2/,https://en.wikipedia.org/wiki/Airbnb
Airtable,1,Silver Lake,silver-lake,no,yes,,official_site,https://www.silverlake.com/portfolio/airtable/,
Airties,1,Providence Equity Partners,providence-equity,yes,yes,,official_site,,
AKUVO,1,Vista Equity Partners,vista-equity,no,yes,,official_site,https://www.vistaequitypartners.com/company/akuvo/,
Alchemy,1,Silver Lake,silver-lake,no,yes,,official_site,https://www.silverlake.com/portfolio/alchemy/,
Alegeus,1,Vista Equity Partners,vista-equity,no,yes,,official_site,https://www.vistaequitypartners.com/company/alegeus/,
Alera Group,1,Genstar Capital,genstar-capital,yes,yes,,official_site,,
AlertMedia,1,Vista Equity Partners,vista-equity,no,yes,,official_site,https://www.vistaequitypartners.com/company/alertmedia/,
Alibaba Group,1,Silver Lake,silver-lake,no,yes,,official_site|wikipedia,https://www.silverlake.com/portfolio/alibaba-group/,https://en.wikipedia.org/wiki/Alibaba_Group
"AlixPartners, LLP",1,Hellman & Friedman,hellman-friedman,no,yes,,official_site,https://hf.com/portfolio/alixpartners-llp/,
Allegro Group,1,Permira,permira,yes,yes,,official_site,,
Allfunds S.A.,1,Hellman & Friedman,hellman-friedman,no,yes,,official_site,https://hf.com/portfolio/allfunds/,
Allocate Software,1,Vista Equity Partners,vista-equity,no,yes,,official_site,https://www.vistaequitypartners.com/company/allocate-software/,
AllTrails,1,Permira,permira,yes,yes,,official_site,,
Allvue Systems,1,Vista Equity Partners,vista-equity,no,yes,,official_site,https://www.vistaequitypartners.com/company/allvue-systems/,
Allyes,1,Silver Lake,silver-lake,no,yes,,official_site,https://www.silverlake.com/portfolio/allyes/,
Alphatax,1,Providence Equity Partners,providence-equity,yes,yes,,official_site,,
AltamarCAM,1,Permira,permira,yes,yes,,official_site,,
Alter Domus,1,Permira,permira,yes,yes,,official_site,,
Altera,1,Silver Lake,silver-lake,no,yes,,official_site|wikipedia,https://www.silverlake.com/portfolio/altera/,https://en.wikipedia.org/wiki/Altera
Althea,1,Permira,permira,yes,yes,,official_site,,
Altra Industrial Motion,1,Genstar Capital,genstar-capital,yes,yes,,official_site,,
AMC,1,Silver Lake,silver-lake,no,yes,,official_site,https://www.silverlake.com/portfolio/amc/,
AmeriLife,1,Genstar Capital,genstar-capital,yes,yes,,official_site,,
Amtech Software,1,Vista Equity Partners,vista-equity,no,yes,,official_site,https://www.vistaequitypartners.com/company/amtech/,
Amwins Group,1,Genstar Capital,genstar-capital,yes,yes,,official_site,,
Ant Group,1,Silver Lake,silver-lake,no,yes,,geig_article|official_site|wikipedia,https://www.silverlake.com/portfolio/ant-group/,https://en.wikipedia.org/wiki/Ant_Group
Anuvu,1,Platinum Equity,platinum-equity,yes,yes,,official_site,,
Aperture,1,Genstar Capital,genstar-capital,yes,yes,,official_site,,
Apex Group,1,Genstar Capital,genstar-capital,yes,yes,,official_site,,
Applause,1,Vista Equity Partners,vista-equity,no,yes,,official_site,https://www.vistaequitypartners.com/company/applause/,
Appspace,1,Accel-KKR,accel-kkr,no,yes,https://lltrck.com,official_site,https://www.accel-kkr.com/portfolio-company/appspace/,
Apptio,1,Vista Equity Partners,vista-equity,no,yes,,official_site|wikipedia,https://www.vistaequitypartners.com/company/apptio/,https://en.wikipedia.org/wiki/Apptio
Aptean,1,Vista Equity Partners,vista-equity,no,yes,,official_site,https://www.vistaequitypartners.com/company/aptean/,
Aras,1,Silver Lake,silver-lake,no,yes,,official_site,https://www.silverlake.com/portfolio/aras/,
Arbiter,1,Accel-KKR,accel-kkr,no,yes,https://lltrck.com,official_site,https://www.accel-kkr.com/portfolio-company/arbiter/,
Arcaplanet,1,Permira,permira,yes,yes,,official_site,,
Arch Capital Group,1,Hellman & Friedman,hellman-friedman,no,yes,,official_site,https://hf.com/portfolio/arch-capital-group/,
Arcos,1,Vista Equity Partners,vista-equity,no,yes,,official_site,https://www.vistaequitypartners.com/company/arcos/,
Arrow International,1,Platinum Equity,platinum-equity,yes,yes,,official_site,,
Arrowhead Engineered Products,1,Genstar Capital,genstar-capital,yes,yes,,official_site,,
Artisan Partners Asset Management,1,Hellman & Friedman,hellman-friedman,no,yes,,official_site,https://hf.com/portfolio/artisan-partners-asset-management-inc/,
Artivest,1,Genstar Capital,genstar-capital,yes,yes,,official_site,,
Ascensus,1,Genstar Capital,genstar-capital,yes,yes,,official_site,,
ASP Global,1,Platinum Equity,platinum-equity,yes,yes,,official_site,,
Aspect,1,Vista Equity Partners,vista-equity,no,yes,,official_site,https://www.vistaequitypartners.com/company/aspect/,
Aspira,1,Vista Equity Partners,vista-equity,no,yes,,official_site,https://www.vistaequitypartners.com/company/aspira/,
Assent,1,Vista Equity Partners,vista-equity,no,yes,,official_site,https://www.vistaequitypartners.com/company/assent-compliance/,
AssetMark,1,Genstar Capital,genstar-capital,yes,yes,,official_site,,
Associated Materials Incorporated,1,Hellman & Friedman,hellman-friedman,no,yes,,official_site,https://hf.com/portfolio/associated-materials-incorporated/,
Association Member Benefits Advisors,1,Genstar Capital,genstar-capital,yes,yes,,official_site,,
At Home,1,Hellman & Friedman,hellman-friedman,no,yes,,official_site,https://hf.com/portfolio/at-home/,
athenahealth,1,Hellman & Friedman,hellman-friedman,no,yes,,official_site,https://hf.com/portfolio/athenahealth/,
Atrium,1,Permira,permira,yes,yes,,official_site,,
Australian Professional Leagues,1,Silver Lake,silver-lake,no,yes,,official_site,https://www.silverlake.com/portfolio/australian-professional-leagues/,
AutoScout24,1,Hellman & Friedman,hellman-friedman,no,yes,,official_site,https://hf.com/portfolio/autoscout24/,
Avago,1,Silver Lake,silver-lake,no,yes,,official_site,https://www.silverlake.com/portfolio/avago/,
Avalara,1,Vista Equity Partners,vista-equity,no,yes,,official_site,https://www.vistaequitypartners.com/company/avalara/,
Avaya,1,Silver Lake,silver-lake,no,yes,,official_site,https://www.silverlake.com/portfolio/avaya/,
AVI-SPL,1,Silver Lake,silver-lake,no,yes,,official_site,https://www.silverlake.com/portfolio/avi-spl/,
Awaze,1,Platinum Equity,platinum-equity,yes,yes,,official_site,,
AWL,1,Genstar Capital,genstar-capital,yes,yes,,official_site,,
Axel Springer AG,1,Hellman & Friedman,hellman-friedman,no,yes,,official_site,https://hf.com/portfolio/axel-springer-ag/,
Axia,1,Genstar Capital,genstar-capital,yes,yes,,official_site,,
Axiom,1,Permira,permira,yes,yes,,official_site,,
Baker Tilly,1,Hellman & Friedman,hellman-friedman,no,yes,,official_site,https://hf.com/portfolio/baker-tilly/,
Basware,1,Accel-KKR,accel-kkr,no,yes,https://www.basware.com/en-en/home,official_site,https://www.accel-kkr.com/portfolio-company/basware/,
Belron,1,Hellman & Friedman,hellman-friedman,no,yes,,official_site,https://hf.com/portfolio/belron/,
Benchmark Gensuite,1,Vista Equity Partners,vista-equity,no,yes,,official_site,https://www.vistaequitypartners.com/company/benchmark-gensuite/,
BESTSECRET,1,Permira,permira,yes,yes,,official_site,,
BetterCloud,1,Vista Equity Partners,vista-equity,no,yes,,official_site|wikipedia,https://www.vistaequitypartners.com/company/bettercloud/,https://en.wikipedia.org/wiki/BetterCloud
BFY Brands,1,Permira,permira,yes,yes,,official_site,,
BigMachines,1,Vista Equity Partners,vista-equity,no,yes,,official_site,https://www.vistaequitypartners.com/company/bigmachines/,
BigTime,1,Vista Equity Partners,vista-equity,no,yes,,official_site,https://www.vistaequitypartners.com/company/bigtime-software/,
BioCatch,1,Permira,permira,yes,yes,,official_site,,
Birdeye,1,Accel-KKR,accel-kkr,no,yes,https://lltrck.com,official_site,https://www.accel-kkr.com/portfolio-company/birdeye/,
Biscuit International,1,Platinum Equity,platinum-equity,yes,yes,,official_site,,
Blackbaud,1,Hellman & Friedman,hellman-friedman,no,yes,,official_site,https://hf.com/portfolio/blackbaud-inc/,
Blackhawk Network,1,Silver Lake,silver-lake,no,yes,,official_site,https://www.silverlake.com/portfolio/blackhawk-network/,
BlackLine,1,Silver Lake,silver-lake,no,yes,,official_site,https://www.silverlake.com/portfolio/blackline/,
Blue Danube System,1,Silver Lake,silver-lake,no,yes,,official_site,https://www.silverlake.com/portfolio/blue-danube-system/,
Blue Mountain,1,Accel-KKR,accel-kkr,no,yes,https://www.bluemountain.io,official_site,https://www.accel-kkr.com/portfolio-company/blue-mountain-quality-resources/,
BlueConic,1,Vista Equity Partners,vista-equity,no,yes,,official_site,https://www.vistaequitypartners.com/company/blueconic/,
BlueCrest,1,Platinum Equity,platinum-equity,yes,yes,,official_site,,
Boats Group,1,Permira,permira,yes,yes,,official_site|wikipedia,https://en.wikipedia.org/wiki/Boats_Group,https://en.wikipedia.org/wiki/Boats_Group
Bonterra,1,Vista Equity Partners,vista-equity,no,yes,,official_site,https://www.vistaequitypartners.com/company/bonterra/,
Boyd Corporation,1,Genstar Capital,genstar-capital,yes,yes,,official_site,,
Brainware,1,Vista Equity Partners,vista-equity,no,yes,,official_site|wikipedia,https://www.vistaequitypartners.com/company/brainware/,https://en.wikipedia.org/wiki/Brainware
Brandt,1,Providence Equity Partners,providence-equity,yes,yes,,official_site,,
Broadcom,1,Silver Lake,silver-lake,no,yes,,official_site,https://www.silverlake.com/portfolio/broadcom/,
Brook + Whittle,1,Genstar Capital,genstar-capital,yes,yes,,official_site,,
Byju’s,1,Silver Lake,silver-lake,no,yes,,official_site,https://www.silverlake.com/portfolio/byjus/,
CABB,1,Permira,permira,yes,yes,,official_site,,
Cabinetworks,1,Platinum Equity,platinum-equity,yes,yes,,official_site,,
Calderys,1,Platinum Equity,platinum-equity,yes,yes,,official_site,,
Caliber Collision,1,Hellman & Friedman,hellman-friedman,no,yes,,official_site,https://hf.com/portfolio/caliber-collision/,
Cambrex,1,Permira,permira,yes,yes,,official_site,,
Carbon,1,Silver Lake,silver-lake,no,yes,,official_site,https://www.silverlake.com/portfolio/carbon/,
Caris Life Sciences,1,Silver Lake,silver-lake,no,yes,,official_site,https://www.silverlake.com/portfolio/caris-life-sciences/,
CarProof Corporation,1,Hellman & Friedman,hellman-friedman,no,yes,,official_site,https://hf.com/portfolio/carproof-corporation/,
Casago,1,Silver Lake,silver-lake,no,yes,,official_site,https://www.silverlake.com/portfolio/vacasa/,
Cast & Crew,1,Silver Lake,silver-lake,no,yes,,official_site,https://www.silverlake.com/portfolio/cast-crew/,
Catalent Pharma Solutions,1,Genstar Capital,genstar-capital,yes,yes,,official_site,,
Catalina Marketing Corporation,1,Hellman & Friedman,hellman-friedman,no,yes,,official_site,https://hf.com/portfolio/catalina-marketing-corporation/,
Catawiki,1,Permira,permira,yes,yes,,official_site,,
CBX Solutions,1,Platinum Equity,platinum-equity,yes,yes,,official_site,,
CDW,1,Silver Lake,silver-lake,no,yes,,official_site,https://www.silverlake.com/portfolio/cdw/,
Cegid,1,Silver Lake,silver-lake,no,yes,,official_site,https://www.silverlake.com/portfolio/cegid/,
Celonis,1,Silver Lake,silver-lake,no,yes,,official_site,https://www.silverlake.com/portfolio/celonis/,
Cendyn,1,Accel-KKR,accel-kkr,no,yes,https://lltrck.com,official_site,https://www.accel-kkr.com/portfolio-company/cendyn/,
Centerfield,1,Platinum Equity,platinum-equity,yes,yes,,official_site,,
CentralSquare Technologies,1,Vista Equity Partners,vista-equity,no,yes,,official_site,https://www.vistaequitypartners.com/company/centralsquare/,
Cerity Partners,1,Genstar Capital,genstar-capital,yes,yes,,official_site,,
Cetera Financial Group,1,Genstar Capital,genstar-capital,yes,yes,,official_site,,
Change Healthcare,1,Hellman & Friedman,hellman-friedman,no,yes,,official_site,https://hf.com/portfolio/change-healthcare/,
Checkmarx,1,Hellman & Friedman,hellman-friedman,no,yes,,geig_article|official_site,https://hf.com/portfolio/checkmarx/,
Circana,1,Hellman & Friedman,hellman-friedman,no,yes,,official_site,https://hf.com/portfolio/circana/,
Cision,1,Platinum Equity,platinum-equity,yes,yes,,official_site,,
City Football Group,1,Silver Lake,silver-lake,no,yes,,official_site|wikipedia,https://www.silverlake.com/portfolio/city-football-group/,https://en.wikipedia.org/wiki/City_Football_Group
Clari + Salesloft,1,Vista Equity Partners,vista-equity,no,yes,,official_site,https://www.vistaequitypartners.com/company/clari-salesloft/,
Clari/Salesloft,1,Silver Lake,silver-lake,no,yes,,official_site,https://www.silverlake.com/portfolio/clari/,
Clarience Technologies,1,Genstar Capital,genstar-capital,yes,yes,,official_site,,
Claritev Corporation,1,Hellman & Friedman,hellman-friedman,no,yes,,official_site,https://hf.com/portfolio/claritev/,
Cloud Software Group,1,Vista Equity Partners,vista-equity,no,yes,,official_site|wikipedia,https://www.vistaequitypartners.com/company/cloudsoftwaregroup/,https://en.wikipedia.org/wiki/Cloud_Software_Group
Club Car,1,Platinum Equity,platinum-equity,yes,yes,,official_site,,
Community Brands,1,Genstar Capital,genstar-capital,yes,yes,,official_site,,
Comply,1,Vista Equity Partners,vista-equity,no,yes,,official_site,https://www.vistaequitypartners.com/company/comply/,
Con-Pearl,1,Silver Lake,silver-lake,no,yes,,official_site,https://www.silverlake.com/portfolio/con-pearl/,
Confie Seguros,1,Genstar Capital,genstar-capital,yes,yes,,official_site,,
ConnectiveRx,1,Genstar Capital,genstar-capital,yes,yes,,official_site,,
ConstructConnect,1,Genstar Capital,genstar-capital,yes,yes,,official_site,,
Convenience Bee,1,Silver Lake,silver-lake,no,yes,,official_site,https://www.silverlake.com/portfolio/convenience-bee/,
Cordis,1,Hellman & Friedman,hellman-friedman,no,yes,,official_site,https://hf.com/portfolio/cordis/,
Cornerstone,1,Silver Lake,silver-lake,no,yes,,official_site,https://www.silverlake.com/portfolio/cornerstone/,
Credit Karma,1,Silver Lake,silver-lake,no,yes,,official_site|wikipedia,https://www.silverlake.com/portfolio/credit-karma/,https://en.wikipedia.org/wiki/Credit_Karma
Critical Start,1,Vista Equity Partners,vista-equity,no,yes,,official_site,https://www.vistaequitypartners.com/company/critical-start/,
Crystal Decisions / Business Objects,1,Silver Lake,silver-lake,no,yes,,official_site,https://www.silverlake.com/portfolio/crystal-decisions-business-objects/,
Ctrip,1,Silver Lake,silver-lake,no,yes,,official_site,https://www.silverlake.com/portfolio/ctrip/,
Curriculum Associates,1,Hellman & Friedman,hellman-friedman,no,yes,,official_site,https://hf.com/portfolio/curriculum-associates/,
Custom Truck One Source,1,Platinum Equity,platinum-equity,yes,yes,,official_site,,
Cvent,1,Vista Equity Partners,vista-equity,no,yes,,geig_article|official_site|wikipedia,https://www.vistaequitypartners.com/company/cvent/,https://en.wikipedia.org/wiki/Cvent
CXT Software,1,Accel-KKR,accel-kkr,no,yes,https://cxtsoftware.com,official_site,https://www.accel-kkr.com/portfolio-company/cxt-software/,
Cyncly,1,Genstar Capital,genstar-capital,yes,yes,,official_site,,
Czarnowski Collective,1,Platinum Equity,platinum-equity,yes,yes,,official_site,,
d&b,1,Providence Equity Partners,providence-equity,yes,yes,,official_site,,
Dalet,1,Accel-KKR,accel-kkr,no,yes,https://www.dalet.com,official_site,https://www.accel-kkr.com/portfolio-company/dalet/,
Datek Online / Ameritrade,1,Silver Lake,silver-lake,no,yes,,official_site,https://www.silverlake.com/portfolio/datek-online-ameritrade/,
Datto,1,Vista Equity Partners,vista-equity,no,yes,,official_site,https://www.vistaequitypartners.com/company/datto/,
Daxko,1,Genstar Capital,genstar-capital,yes,yes,,official_site,,
DCA Services,1,Platinum Equity,platinum-equity,yes,yes,,official_site,,
De Wave Group,1,Platinum Equity,platinum-equity,yes,yes,,official_site,,
Dell Technologies,1,Silver Lake,silver-lake,no,yes,,geig_article|official_site|wikipedia,https://www.silverlake.com/portfolio/dell-technologies/,https://en.wikipedia.org/wiki/Dell_Technologies
Deluxe,1,Platinum Equity,platinum-equity,yes,yes,,official_site,,
Dentira,1,Vista Equity Partners,vista-equity,no,yes,,official_site,https://www.vistaequitypartners.com/company/dentira/,
Diamond Baseball Holdings,1,Silver Lake,silver-lake,no,yes,,official_site|wikipedia,https://www.silverlake.com/portfolio/diamond-baseball-holdings/,https://en.wikipedia.org/wiki/Diamond_Baseball_Holdings
Didi Chuxing,1,Silver Lake,silver-lake,no,yes,,official_site,https://www.silverlake.com/portfolio/didi-chuxing/,
Digitas,1,Hellman & Friedman,hellman-friedman,no,yes,,official_site,https://hf.com/portfolio/digitas-inc/,
Dispatch,1,Vista Equity Partners,vista-equity,no,yes,,official_site,https://www.vistaequitypartners.com/company/dispatch/,
Docupace,1,Genstar Capital,genstar-capital,yes,yes,,official_site,,
DoubleClick,1,Hellman & Friedman,hellman-friedman,no,yes,,official_site,https://hf.com/portfolio/doubleclick-inc/,
Drips,1,Accel-KKR,accel-kkr,no,yes,https://drips.com,official_site,https://www.accel-kkr.com/portfolio-company/drips/,
Duck Creek Technologies,1,Vista Equity Partners,vista-equity,no,yes,,official_site,https://www.vistaequitypartners.com/company/duck-creek-technologies/,
Duett,1,Accel-KKR,accel-kkr,no,yes,https://lltrck.com,official_site,https://www.accel-kkr.com/portfolio-company/duett-as/,
E&A Scheer,1,Platinum Equity,platinum-equity,yes,yes,,official_site,,
EAB,1,Vista Equity Partners,vista-equity,no,yes,,official_site,https://www.vistaequitypartners.com/company/eab/,
Eagleview,1,Vista Equity Partners,vista-equity,no,yes,,official_site,https://www.vistaequitypartners.com/company/eagleview/,
ECM Industries,1,Genstar Capital,genstar-capital,yes,yes,,official_site,,
eConnections,1,Silver Lake,silver-lake,no,yes,,official_site,https://www.silverlake.com/portfolio/econnections/,
Edelman Financial Engines,1,Hellman & Friedman,hellman-friedman,no,yes,,official_site,https://hf.com/portfolio/edelman-financial-engines/,
Eka,1,Silver Lake,silver-lake,no,yes,,official_site,https://www.silverlake.com/portfolio/eka/,
Electro Rent,1,Platinum Equity,platinum-equity,yes,yes,,official_site,,
Electronic Arts,1,Silver Lake,silver-lake,no,yes,,official_site|wikipedia,https://www.silverlake.com/portfolio/electronic-arts/,https://en.wikipedia.org/wiki/Electronic_Arts
Eletive,1,Accel-KKR,accel-kkr,no,yes,https://eletive.com,official_site,https://www.accel-kkr.com/portfolio-company/eletive/,
Eller Media,1,Hellman & Friedman,hellman-friedman,no,yes,,official_site,https://hf.com/portfolio/eller-media-company-inc/,
Endalia,1,Accel-KKR,accel-kkr,no,yes,https://lltrck.com,official_site,https://www.accel-kkr.com/portfolio-company/endalia/,
Endeavor Group Holdings,1,Silver Lake,silver-lake,no,yes,,official_site,https://www.silverlake.com/portfolio/endeavor/,
Energy Exemplar,1,Vista Equity Partners,vista-equity,no,yes,,official_site,https://www.vistaequitypartners.com/company/energy-exemplar/,
Engageware,1,Accel-KKR,accel-kkr,no,yes,https://engageware.com,official_site,https://www.accel-kkr.com/portfolio-company/engageware/,
Enmark,1,Accel-KKR,accel-kkr,no,yes,https://lltrck.com,official_site,https://www.accel-kkr.com/portfolio-company/enmark/,
Enterasys,1,Silver Lake,silver-lake,no,yes,,official_site,https://www.silverlake.com/portfolio/enterasys/,
Entersekt,1,Accel-KKR,accel-kkr,no,yes,https://www.entersekt.com,official_site,https://www.accel-kkr.com/portfolio-company/entersekt/,
Entrata,1,Silver Lake,silver-lake,no,yes,,official_site,https://www.silverlake.com/portfolio/entrata/,
Equinox Group,1,Silver Lake,silver-lake,no,yes,,official_site,https://www.silverlake.com/portfolio/equinox-group/,
eResearch Technologies,1,Genstar Capital,genstar-capital,yes,yes,,official_site,,
ESG,1,Accel-KKR,accel-kkr,no,yes,https://esgglobal.com,official_site,https://www.accel-kkr.com/portfolio-company/esg/,
ESTELA,1,Accel-KKR,accel-kkr,no,yes,https://www.estela.com,official_site,https://www.accel-kkr.com/portfolio-company/estela/,
EverCommerce,1,Silver Lake,silver-lake,no,yes,,official_site,https://www.silverlake.com/portfolio/evercommerce/,
Everway,1,Providence Equity Partners,providence-equity,yes,yes,,official_site,,
Evolution1,1,Genstar Capital,genstar-capital,yes,yes,,official_site,,
Exact,1,Silver Lake,silver-lake,no,yes,,official_site,https://www.silverlake.com/portfolio/exact/,
Expedia Group,1,Silver Lake,silver-lake,no,yes,,official_site|wikipedia,https://www.silverlake.com/portfolio/expedia-group/,https://en.wikipedia.org/wiki/Expedia_Group
Exxat,1,Accel-KKR,accel-kkr,no,yes,https://lltrck.com,official_site,https://www.accel-kkr.com/portfolio-company/exaat/,
Facile.it,1,Silver Lake,silver-lake,no,yes,,official_site|wikipedia,https://www.silverlake.com/portfolio/facile-it/,https://en.wikipedia.org/wiki/Facile.it
Fanatics,1,Silver Lake,silver-lake,no,yes,,official_site|wikipedia,https://www.silverlake.com/portfolio/fanatics-inc/,https://en.wikipedia.org/wiki/Fanatics%2C_Inc.
Fanatics Collectibles,1,Silver Lake,silver-lake,no,yes,,official_site,https://www.silverlake.com/portfolio/fanatics-trading-cards/,
Fantini Group,1,Platinum Equity,platinum-equity,yes,yes,,official_site,,
FastSpring,1,Accel-KKR,accel-kkr,no,yes,https://fastspring.com,official_site,https://www.accel-kkr.com/portfolio-company/fastspring/,
FATHOM,1,Silver Lake,silver-lake,no,yes,,official_site,https://www.silverlake.com/portfolio/fathom/,
Financial Horizons Group,1,Genstar Capital,genstar-capital,yes,yes,,official_site,,
Finastra,1,Vista Equity Partners,vista-equity,no,yes,,official_site|wikipedia,https://www.vistaequitypartners.com/company/finastra/,https://en.wikipedia.org/wiki/Finastra
First Advantage,1,Silver Lake,silver-lake,no,yes,,official_site,https://www.silverlake.com/portfolio/first-advantage/,
First Eagle Investments,1,Genstar Capital,genstar-capital,yes,yes,,official_site,,
Flash,1,Vista Equity Partners,vista-equity,no,yes,,official_site,https://www.vistaequitypartners.com/company/flash/,
Flextronics,1,Silver Lake,silver-lake,no,yes,,official_site,https://www.silverlake.com/portfolio/flextronics/,
Flix,1,Silver Lake,silver-lake,no,yes,,official_site,https://www.silverlake.com/portfolio/flix/,
Flourish,1,Genstar Capital,genstar-capital,yes,yes,,official_site,,
Forcepoint,1,Vista Equity Partners,vista-equity,no,yes,,official_site|wikipedia,https://www.vistaequitypartners.com/company/forcepoint/,https://en.wikipedia.org/wiki/Forcepoint
ForeFlight,1,Silver Lake,silver-lake,no,yes,,official_site,https://www.silverlake.com/portfolio/foreflight/,
Formula One Holdings Limited,1,Hellman & Friedman,hellman-friedman,no,yes,,official_site,https://hf.com/portfolio/formula-one-holdings-limited/,
Fort Dearborn,1,Genstar Capital,genstar-capital,yes,yes,,official_site,,
Franklin Resources,1,Hellman & Friedman,hellman-friedman,no,yes,,official_site,https://hf.com/portfolio/franklin-resources-inc/,
FRISS,1,Accel-KKR,accel-kkr,no,yes,https://www.friss.com,official_site,https://www.accel-kkr.com/portfolio-company/friss/,
Fusion Risk Management,1,Vista Equity Partners,vista-equity,no,yes,,official_site,https://www.vistaequitypartners.com/company/fusion-risk-management/,
G42,1,Silver Lake,silver-lake,no,yes,,official_site,https://www.silverlake.com/portfolio/group-42/,
Gainsight,1,Vista Equity Partners,vista-equity,no,yes,,official_site,https://www.vistaequitypartners.com/company/gainsight/,
Gartmore Investment Management Limited,1,Hellman & Friedman,hellman-friedman,no,yes,,official_site,https://hf.com/portfolio/gartmore-investment-mgmt-limited/,
Gartner,1,Silver Lake,silver-lake,no,yes,,official_site,https://www.silverlake.com/portfolio/gartner/,
Gatekeeper,1,Vista Equity Partners,vista-equity,no,yes,,official_site,https://www.vistaequitypartners.com/company/gatekeeper/,
Gaztransport & Technigaz S.A.S.,1,Hellman & Friedman,hellman-friedman,no,yes,,official_site,https://hf.com/portfolio/gaztransport-technigaz-s-a-s/,
Genesys,1,Hellman & Friedman,hellman-friedman,no,yes,,official_site,https://hf.com/portfolio/genesys/,
Genies,1,Silver Lake,silver-lake,no,yes,,official_site,https://www.silverlake.com/portfolio/genies/,
GeoVera Insurance Group Holdings,1,Hellman & Friedman,hellman-friedman,no,yes,,official_site,https://hf.com/portfolio/geovera-insurance-group-holdings-ltd/,
Gerson Lehrman Group,1,Silver Lake,silver-lake,no,yes,,official_site,https://www.silverlake.com/portfolio/gerson-lehrman-group/,
Getir,1,Silver Lake,silver-lake,no,yes,,official_site,https://www.silverlake.com/portfolio/getir/,
Getty Images,1,Hellman & Friedman,hellman-friedman,no,yes,,official_site,https://hf.com/portfolio/getty-images-inc/,
Global Blue,1,Silver Lake,silver-lake,no,yes,,official_site|wikipedia,https://www.silverlake.com/portfolio/global-blue/,https://en.wikipedia.org/wiki/Global_Blue
Global Music Rights,1,Hellman & Friedman,hellman-friedman,no,yes,,official_site,https://hf.com/portfolio/global-music-rights/,
Global Payments,1,Silver Lake,silver-lake,no,yes,,official_site,https://www.silverlake.com/portfolio/global-payments/,
GlobalFoundries,1,Silver Lake,silver-lake,no,yes,,official_site,https://www.silverlake.com/portfolio/globalfoundries/,
Gnosis Freight,1,Vista Equity Partners,vista-equity,no,yes,,official_site,https://www.vistaequitypartners.com/company/gnosis-freight/,
GoDaddy,1,Silver Lake,silver-lake,no,yes,,geig_article|official_site|wikipedia,https://www.silverlake.com/portfolio/godaddy/,https://en.wikipedia.org/wiki/GoDaddy
Goodman Global,1,Hellman & Friedman,hellman-friedman,no,yes,,official_site,https://hf.com/portfolio/goodman-global-inc/,
GoodRx,1,Silver Lake,silver-lake,no,yes,,official_site|wikipedia,https://www.silverlake.com/portfolio/goodrx/,https://en.wikipedia.org/wiki/GoodRx
GPS Insight,1,Accel-KKR,accel-kkr,no,yes,https://www.gpsinsight.com,official_site,https://www.accel-kkr.com/portfolio-company/gps-insight/,
Granicus,1,Vista Equity Partners,vista-equity,no,yes,,official_site,https://www.vistaequitypartners.com/company/granicus/,
Greenshades,1,Accel-KKR,accel-kkr,no,yes,https://go.greenshades.com,official_site,https://www.accel-kkr.com/portfolio-company/greenshades/,
Greenway Health,1,Vista Equity Partners,vista-equity,no,yes,,official_site,https://www.vistaequitypartners.com/company/greenway-health/,
Grocery Outlet,1,Hellman & Friedman,hellman-friedman,no,yes,,official_site,https://hf.com/portfolio/grocery-outlet-inc/,
Grosvenor Capital Management,1,Hellman & Friedman,hellman-friedman,no,yes,,official_site,https://hf.com/portfolio/grosvenor-capital-management/,
Groupe Meilleurtaux,1,Silver Lake,silver-lake,no,yes,,official_site,https://www.silverlake.com/portfolio/groupe-meilleurtaux/,
Groupon,1,Silver Lake,silver-lake,no,yes,,official_site,https://www.silverlake.com/portfolio/groupon/,
Grupo BC,1,Silver Lake,silver-lake,no,yes,,official_site,https://www.silverlake.com/portfolio/grupo-bc/,
Hillstone Networks,1,Silver Lake,silver-lake,no,yes,,official_site,https://www.silverlake.com/portfolio/hillstone-networks/,
HUB International Limited,1,Hellman & Friedman,hellman-friedman,no,yes,,official_site,https://hf.com/portfolio/hub-international-limited/,
Humanforce,1,Accel-KKR,accel-kkr,no,yes,https://humanforce.com,official_site,https://www.accel-kkr.com/portfolio-company/humanforce/,
Hyla Mobile,1,Silver Lake,silver-lake,no,yes,,official_site,https://www.silverlake.com/portfolio/hyla-mobile/,
Hyve,1,Providence Equity Partners,providence-equity,yes,yes,,official_site,,
i2,1,Silver Lake,silver-lake,no,yes,,official_site,https://www.silverlake.com/portfolio/i2/,
ICIMS,1,Vista Equity Partners,vista-equity,no,yes,,official_site|wikipedia,https://www.vistaequitypartners.com/company/icims/,https://en.wikipedia.org/wiki/ICIMS
Imagine Learning,1,Silver Lake,silver-lake,no,yes,,official_site,https://www.silverlake.com/portfolio/weld-north-education/,
imed,1,Accel-KKR,accel-kkr,no,yes,https://imed.cl,official_site,https://www.accel-kkr.com/portfolio-company/imed/,
Infinite Electronics,1,Genstar Capital,genstar-capital,yes,yes,,official_site,,
Infoblox,1,Vista Equity Partners,vista-equity,no,yes,,geig_article|official_site|wikipedia,https://www.vistaequitypartners.com/company/infoblox/,https://en.wikipedia.org/wiki/Infoblox
Innovapptive,1,Vista Equity Partners,vista-equity,no,yes,,official_site,https://www.vistaequitypartners.com/company/innovapptive/,
Innovative Aftermarket Systems,1,Genstar Capital,genstar-capital,yes,yes,,official_site,,
Inside Real Estate,1,Genstar Capital,genstar-capital,yes,yes,,official_site,,
insightsoftware,1,Genstar Capital,genstar-capital,yes,yes,,official_site,,
Instinet,1,Silver Lake,silver-lake,no,yes,,official_site,https://www.silverlake.com/portfolio/instinet/,
Institutional Shareholder Services,1,Genstar Capital,genstar-capital,yes,yes,,official_site,,
Insurity,1,Genstar Capital,genstar-capital,yes,yes,,official_site,,
Integral Ad Science,1,Vista Equity Partners,vista-equity,no,yes,,official_site,https://www.vistaequitypartners.com/company/integral-ad-science/,
Integrity Marketing Group,1,Silver Lake,silver-lake,no,yes,,official_site,https://www.silverlake.com/portfolio/integrity-marketing-group/,
IntelePeer,1,Accel-KKR,accel-kkr,no,yes,https://intelepeer.ai,official_site,https://www.accel-kkr.com/portfolio-company/intelepeer/,
Intelsat,1,Silver Lake,silver-lake,no,yes,,official_site|wikipedia,https://www.silverlake.com/portfolio/intelsat/,https://en.wikipedia.org/wiki/Intelsat
Interactive Data Corporation,1,Silver Lake,silver-lake,no,yes,,official_site|wikipedia,https://www.silverlake.com/portfolio/interactive-data-corporation/,https://en.wikipedia.org/wiki/Interactive_Data_Corporation
Intergraph Corporation,1,Hellman & Friedman,hellman-friedman,no,yes,,official_site,https://hf.com/portfolio/intergraph-corporation/,
Internet Brands,1,Hellman & Friedman,hellman-friedman,no,yes,,official_site,https://hf.com/portfolio/internet-brands-inc/,
InvoiceCloud,1,Vista Equity Partners,vista-equity,no,yes,,official_site,https://www.vistaequitypartners.com/company/invoicecloud/,
IonQ,1,Silver Lake,silver-lake,no,yes,,official_site,https://www.silverlake.com/portfolio/ionq/,
IPC,1,Silver Lake,silver-lake,no,yes,,official_site,https://www.silverlake.com/portfolio/ipc/,
IRIS Software Group Limited,1,Hellman & Friedman,hellman-friedman,no,yes,,official_site,https://hf.com/portfolio/iris-software-group-limited/,
Island / Instinet Group,1,Silver Lake,silver-lake,no,yes,,official_site,https://www.silverlake.com/portfolio/island-instinet-group/,
isolved HCM,1,Accel-KKR,accel-kkr,no,yes,https://www.isolvedhcm.com,official_site,https://www.accel-kkr.com/portfolio-company/isolvedhcm/,
Iterable,1,Silver Lake,silver-lake,no,yes,,official_site,https://www.silverlake.com/portfolio/iterable/,
IVC Evidensia,1,Silver Lake,silver-lake,no,yes,,official_site,https://www.silverlake.com/portfolio/ivc-evidensia/,
JAGGAER,1,Vista Equity Partners,vista-equity,no,yes,,official_site|wikipedia,https://www.vistaequitypartners.com/company/jaggaer/,https://en.wikipedia.org/wiki/Jaggaer
Jamf,1,Vista Equity Partners,vista-equity,no,yes,,official_site,https://www.vistaequitypartners.com/company/jamf/,
Jet Support Services,1,Genstar Capital,genstar-capital,yes,yes,,official_site,,
Jio,1,Vista Equity Partners,vista-equity,no,yes,,official_site,https://www.vistaequitypartners.com/company/jio/,
Jio Platforms,1,Silver Lake,silver-lake,no,yes,,official_site|wikipedia,https://www.silverlake.com/portfolio/jio-platforms-2/,https://en.wikipedia.org/wiki/Jio_Platforms
Joblogic,1,Vista Equity Partners,vista-equity,no,yes,,official_site,https://www.vistaequitypartners.com/company/joblogic/,
Kaleris,1,Accel-KKR,accel-kkr,no,yes,https://www.kaleris.com,official_site,https://www.accel-kkr.com/portfolio-company/kaleris/,
Kantata,1,Accel-KKR,accel-kkr,no,yes,https://lltrck.com,official_site,https://www.accel-kkr.com/portfolio-company/kantata/,
Khazna Data Centers,1,Silver Lake,silver-lake,no,yes,,official_site,https://www.silverlake.com/portfolio/khazna-data-centers/,
Khoros,1,Vista Equity Partners,vista-equity,no,yes,,official_site|wikipedia,https://www.vistaequitypartners.com/company/khoros/,https://en.wikipedia.org/wiki/Khoros%2C_LLC
KIBO,1,Vista Equity Partners,vista-equity,no,yes,,official_site,https://www.vistaequitypartners.com/company/kibo/,
KnowBe4,1,Vista Equity Partners,vista-equity,no,yes,,official_site,https://www.vistaequitypartners.com/company/knowbe4/,
Koubei,1,Silver Lake,silver-lake,no,yes,,official_site,https://www.silverlake.com/portfolio/koubei/,
La Centrale,1,Providence Equity Partners,providence-equity,yes,yes,,official_site,,
LeagueApps,1,Accel-KKR,accel-kkr,no,yes,https://leagueapps.com,official_site,https://www.accel-kkr.com/portfolio-company/leagueapps/,
LeanDNA,1,Accel-KKR,accel-kkr,no,yes,https://lltrck.com,official_site,https://www.accel-kkr.com/portfolio-company/leandna/,
LEARFIELD,1,Silver Lake,silver-lake,no,yes,,official_site,https://www.silverlake.com/portfolio/learfield-img-college/,
Lemontech,1,Accel-KKR,accel-kkr,no,yes,https://www.lemontech.com,official_site,https://www.accel-kkr.com/portfolio-company/lemontech/,
LifeLoop,1,Vista Equity Partners,vista-equity,no,yes,,official_site,https://www.vistaequitypartners.com/company/lifeloop/,
LightBox,1,Silver Lake,silver-lake,no,yes,,official_site,https://www.silverlake.com/portfolio/lightbox/,
Lightspeed Systems,1,Genstar Capital,genstar-capital,yes,yes,,official_site,,
Likewize,1,Genstar Capital,genstar-capital,yes,yes,,official_site,,
Locaweb,1,Silver Lake,silver-lake,no,yes,,official_site,https://www.silverlake.com/portfolio/locaweb/,
Loftware,1,Accel-KKR,accel-kkr,no,yes,https://www.loftware.com,official_site,https://www.accel-kkr.com/portfolio-company/loftware/,
LogicMonitor,1,Vista Equity Partners,vista-equity,no,yes,,official_site,https://www.vistaequitypartners.com/company/logicmonitor/,
Lone Wolf Real Estate Technologies,1,Vista Equity Partners,vista-equity,no,yes,,official_site,https://www.vistaequitypartners.com/company/lone-wolf/,
LPL Financial Holdings,1,Hellman & Friedman,hellman-friedman,no,yes,,official_site,https://hf.com/portfolio/lpl-financial-holdings-inc/,
Lucid,1,Vista Equity Partners,vista-equity,no,yes,,official_site,https://www.vistaequitypartners.com/company/lucid/,
mabl,1,Vista Equity Partners,vista-equity,no,yes,,official_site,https://www.vistaequitypartners.com/company/mabl/,
Madison Square Garden Sports,1,Silver Lake,silver-lake,no,yes,,official_site,https://www.silverlake.com/portfolio/the-madison-square-garden-company/,
Main Street Hub,1,Vista Equity Partners,vista-equity,no,yes,,official_site,https://www.vistaequitypartners.com/company/main-street-hub/,
Marketo,1,Vista Equity Partners,vista-equity,no,yes,,geig_article|official_site,https://www.vistaequitypartners.com/company/marketo/,
Marlink,1,Providence Equity Partners,providence-equity,yes,yes,,official_site,,
MASA Global,1,Genstar Capital,genstar-capital,yes,yes,,official_site,,
Masabi,1,Accel-KKR,accel-kkr,no,yes,https://www.masabi.com,official_site,https://www.accel-kkr.com/portfolio-company/masabi/,
MCI,1,Silver Lake,silver-lake,no,yes,,official_site,https://www.silverlake.com/portfolio/mci/,
Mcmtech,1,Accel-KKR,accel-kkr,no,yes,https://www.mcmtechnology.com,official_site,https://www.accel-kkr.com/portfolio-company/mcmtech/,
Mediaocean,1,Vista Equity Partners,vista-equity,no,yes,,official_site|wikipedia,https://www.vistaequitypartners.com/company/mediaocean/,https://en.wikipedia.org/wiki/Mediaocean
Mediawan,1,Providence Equity Partners,providence-equity,yes,yes,,official_site,,
Medline,1,Hellman & Friedman,hellman-friedman,no,yes,,official_site,https://hf.com/portfolio/medline/,
MedTrainer,1,Vista Equity Partners,vista-equity,no,yes,,official_site,https://www.vistaequitypartners.com/company/medtrainer/,
Mehiläinen,1,Hellman & Friedman,hellman-friedman,no,yes,,official_site,https://hf.com/portfolio/mehilainen/,
Menlo Security,1,Vista Equity Partners,vista-equity,no,yes,,official_site,https://www.vistaequitypartners.com/company/menlo-security/,
Mercer Advisors,1,Genstar Capital,genstar-capital,yes,yes,,official_site,,
Mercury Healthcare,1,Silver Lake,silver-lake,no,yes,,official_site,https://www.silverlake.com/portfolio/healthgrades/,
Mercury Payment Systems,1,Silver Lake,silver-lake,no,yes,,official_site,https://www.silverlake.com/portfolio/mercury-payment-solutions/,
MicroEdge,1,Vista Equity Partners,vista-equity,no,yes,,official_site,https://www.vistaequitypartners.com/company/microedge/,
MidCap Financial,1,Genstar Capital,genstar-capital,yes,yes,,official_site,,
Mirakl,1,Silver Lake,silver-lake,no,yes,,official_site,https://www.silverlake.com/portfolio/mirakl/,
Mission Pet Health,1,Silver Lake,silver-lake,no,yes,,official_site,https://www.silverlake.com/portfolio/mission-pet-health/,
Mitchell International Holdings,1,Hellman & Friedman,hellman-friedman,no,yes,,official_site,https://hf.com/portfolio/mitchell-international-holdings-inc/,
Mitratech,1,Vista Equity Partners,vista-equity,no,yes,,official_site,https://www.vistaequitypartners.com/company/mitratech/,
Mobile Health,1,Accel-KKR,accel-kkr,no,yes,https://lltrck.com,official_site,https://www.accel-kkr.com/portfolio-company/mobile-health/,
Model N,1,Vista Equity Partners,vista-equity,no,yes,,official_site,https://www.vistaequitypartners.com/company/model-n/,
Modern Campus,1,Providence Equity Partners,providence-equity,yes,yes,,official_site,,
Mondrian Investment Partners,1,Hellman & Friedman,hellman-friedman,no,yes,,official_site,https://hf.com/portfolio/mondrian-investment-partners-ltd/,
Motorola Solutions,1,Silver Lake,silver-lake,no,yes,,official_site|wikipedia,https://www.silverlake.com/portfolio/motorola-solutions/,https://en.wikipedia.org/wiki/Motorola_Solutions
MRI Software,1,Vista Equity Partners,vista-equity,no,yes,,official_site|wikipedia,https://www.vistaequitypartners.com/company/mri-software/,https://en.wikipedia.org/wiki/MRI_Software
mSupply,1,Genstar Capital,genstar-capital,yes,yes,,official_site,,
MultiPlan,1,Silver Lake,silver-lake,no,yes,,official_site,https://www.silverlake.com/portfolio/multiplan/,
MW Industries,1,Genstar Capital,genstar-capital,yes,yes,,official_site,,
MyComplianceOffice,1,Accel-KKR,accel-kkr,no,yes,https://mco.mycomplianceoffice.com,official_site,https://www.accel-kkr.com/portfolio-company/mycomplianceoffice/,
N-Able,1,Silver Lake,silver-lake,no,yes,,official_site,https://www.silverlake.com/portfolio/n-able/,
Nasdaq,1,Silver Lake,silver-lake,no,yes,,official_site,https://www.silverlake.com/portfolio/nasdaq/,
Nasdaq Stock Market,1,Hellman & Friedman,hellman-friedman,no,yes,,official_site,https://hf.com/portfolio/nasdaq-stock-market-llc/,
Nasuni,1,Vista Equity Partners,vista-equity,no,yes,,official_site,https://www.vistaequitypartners.com/company/nasuni/,
NAVEX,1,Vista Equity Partners,vista-equity,no,yes,,official_site,https://www.vistaequitypartners.com/company/navex/,
Naviga,1,Vista Equity Partners,vista-equity,no,yes,,official_site,https://www.vistaequitypartners.com/company/naviga/,
NAVTOR,1,Accel-KKR,accel-kkr,no,yes,https://www.navtor.com,official_site,https://www.accel-kkr.com/portfolio-company/navtor/,
Nets A/S,1,Hellman & Friedman,hellman-friedman,no,yes,,official_site,https://hf.com/portfolio/nets-a-s/,
Netsmart Technologies,1,Genstar Capital,genstar-capital,yes,yes,,official_site,,
Network General / NetScout,1,Silver Lake,silver-lake,no,yes,,official_site,https://www.silverlake.com/portfolio/network-general-netscout/,
New Zealand Rugby,1,Silver Lake,silver-lake,no,yes,,official_site,https://www.silverlake.com/portfolio/new-zealand-rugby/,
Nexi,1,Hellman & Friedman,hellman-friedman,no,yes,,official_site,https://hf.com/portfolio/nexi/,
Nexthink,1,Vista Equity Partners,vista-equity,no,yes,,official_site,https://www.vistaequitypartners.com/company/nexthink/,
Nielsen N.V.,1,Hellman & Friedman,hellman-friedman,no,yes,,official_site,https://hf.com/portfolio/nielsen-n-v/,
Nobao Renewable Energy,1,Silver Lake,silver-lake,no,yes,,official_site,https://www.silverlake.com/portfolio/nobao-renewable-energy/,
Node4,1,Providence Equity Partners,providence-equity,yes,yes,,official_site,,
Noom,1,Silver Lake,silver-lake,no,yes,,official_site,https://www.silverlake.com/portfolio/noom/,
NortonLifeLock,1,Silver Lake,silver-lake,no,yes,,official_site,https://www.silverlake.com/portfolio/nortonlifelock/,
NovoPath,1,Accel-KKR,accel-kkr,no,yes,https://lltrck.com,official_site,https://www.accel-kkr.com/portfolio-company/novopath/,
Ntracts,1,Accel-KKR,accel-kkr,no,yes,https://www.ntracts.com,official_site,https://www.accel-kkr.com/portfolio-company/ntracts/,
Numerator,1,Vista Equity Partners,vista-equity,no,yes,,official_site,https://www.vistaequitypartners.com/company/numerator/,
Numerix,1,Genstar Capital,genstar-capital,yes,yes,,official_site,,
Nutrislice,1,Accel-KKR,accel-kkr,no,yes,https://lltrck.com,official_site,https://www.accel-kkr.com/portfolio-company/nutrislice/,
NXP,1,Silver Lake,silver-lake,no,yes,,official_site,https://www.silverlake.com/portfolio/nxp/,
Oak View Group,1,Silver Lake,silver-lake,no,yes,,official_site,https://www.silverlake.com/portfolio/oak-view-group/,
Obsidian,1,Genstar Capital,genstar-capital,yes,yes,,official_site,,
Ocuco,1,Accel-KKR,accel-kkr,no,yes,https://lltrck.com,official_site,https://www.accel-kkr.com/portfolio-company/ocuco/,
OEConnection,1,Genstar Capital,genstar-capital,yes,yes,,official_site,,
Office Timeline,1,Accel-KKR,accel-kkr,no,yes,https://www.officetimeline.com,official_site,https://www.accel-kkr.com/portfolio-company/office-timeline/,
OfficeSpace,1,Vista Equity Partners,vista-equity,no,yes,,official_site,https://www.vistaequitypartners.com/company/officespace/,
Olive.AI,1,Vista Equity Partners,vista-equity,no,yes,,official_site,https://www.vistaequitypartners.com/company/olive-ai/,
Omio,1,Silver Lake,silver-lake,no,yes,,official_site,https://www.silverlake.com/portfolio/omio/,
OneAdvanced,1,Vista Equity Partners,vista-equity,no,yes,,official_site,https://www.vistaequitypartners.com/company/oneadvanced/,
OneShield,1,Accel-KKR,accel-kkr,no,yes,https://oneshield.com,official_site,https://www.accel-kkr.com/portfolio-company/oneshield/,
OpenLink International Holdings,1,Hellman & Friedman,hellman-friedman,no,yes,,official_site,https://hf.com/portfolio/openlink-international-holdings-inc/,
Opera Solutions,1,Silver Lake,silver-lake,no,yes,,official_site,https://www.silverlake.com/portfolio/opera-solutions/,
Orion Advisor Solutions,1,Genstar Capital,genstar-capital,yes,yes,,official_site,,
OrthoFi,1,Accel-KKR,accel-kkr,no,yes,https://orthofi.com,official_site,https://www.accel-kkr.com/portfolio-company/orthofi/,
OTC Industrial Technologies,1,Genstar Capital,genstar-capital,yes,yes,,official_site,,
Outfront Media,1,Providence Equity Partners,providence-equity,yes,yes,,official_site,,
Outspoken,1,Silver Lake,silver-lake,no,yes,,official_site,https://www.silverlake.com/portfolio/outspoken/,
P2 Energy Solutions,1,Vista Equity Partners,vista-equity,no,yes,,official_site|wikipedia,https://www.vistaequitypartners.com/company/p2-energy-solutions/,https://en.wikipedia.org/wiki/P2_Energy_Solutions
Pacera,1,Accel-KKR,accel-kkr,no,yes,https://pacera.com,official_site,https://www.accel-kkr.com/portfolio-company/pacera/,
Palomar Specialty Insurance,1,Genstar Capital,genstar-capital,yes,yes,,official_site,,
PARIS RE Holdings Limited,1,Hellman & Friedman,hellman-friedman,no,yes,,official_site,https://hf.com/portfolio/paris-re-holdings-limited/,
Partnerize,1,Accel-KKR,accel-kkr,no,yes,https://partnerize.com/en,official_site,https://www.accel-kkr.com/portfolio-company/partnerize/,
Paymentus (NYSE: PAY),1,Accel-KKR,accel-kkr,no,yes,https://www.paymentus.com,official_site,https://www.accel-kkr.com/portfolio-company/paymentus/,
PDI,1,Genstar Capital,genstar-capital,yes,yes,,official_site,,
Peloton,1,Silver Lake,silver-lake,no,yes,,official_site,https://www.silverlake.com/portfolio/peloton/,
Pharmaceutical Product Development,1,Hellman & Friedman,hellman-friedman,no,yes,,official_site,https://hf.com/portfolio/pharmaceutical-product-development-llc/,
Phocas Software,1,Accel-KKR,accel-kkr,no,yes,https://lltrck.com,official_site,https://www.accel-kkr.com/portfolio-company/phocas-software/,
Ping Identity,1,Vista Equity Partners,vista-equity,no,yes,,official_site|wikipedia,https://www.vistaequitypartners.com/company/ping-identity/,https://en.wikipedia.org/wiki/Ping_Identity
Pipedrive,1,Vista Equity Partners,vista-equity,no,yes,,official_site|wikipedia,https://www.vistaequitypartners.com/company/pipedrive/,https://en.wikipedia.org/wiki/Pipedrive
Plaid,1,Silver Lake,silver-lake,no,yes,,official_site,https://www.silverlake.com/portfolio/plaid/,
PlanSource,1,Vista Equity Partners,vista-equity,no,yes,,official_site,https://www.vistaequitypartners.com/company/plansource/,
Playlist,1,Vista Equity Partners,vista-equity,no,yes,,official_site,https://www.vistaequitypartners.com/company/playlist/,
PlayMetrics,1,Genstar Capital,genstar-capital,yes,yes,,official_site,,
Pluralsight,1,Vista Equity Partners,vista-equity,no,yes,,official_site|wikipedia,https://www.vistaequitypartners.com/company/pluralsight/,https://en.wikipedia.org/wiki/Pluralsight
PointClickCare,1,Hellman & Friedman,hellman-friedman,no,yes,,official_site,https://hf.com/portfolio/pointclickcare/,
Poppulo,1,Vista Equity Partners,vista-equity,no,yes,,official_site,https://www.vistaequitypartners.com/company/poppulo/,
Populous,1,Providence Equity Partners,providence-equity,yes,yes,,official_site,,
Portside,1,Vista Equity Partners,vista-equity,no,yes,,official_site,https://www.vistaequitypartners.com/company/portside/,
Power Factors,1,Vista Equity Partners,vista-equity,no,yes,,official_site,https://www.vistaequitypartners.com/company/power-factors/,
Power Products,1,Genstar Capital,genstar-capital,yes,yes,,official_site,,
Power-One,1,Silver Lake,silver-lake,no,yes,,official_site,https://www.silverlake.com/portfolio/power-one/,
PowerSchool,1,Vista Equity Partners,vista-equity,no,yes,,official_site,https://www.vistaequitypartners.com/company/powerschool/,
PRA International,1,Genstar Capital,genstar-capital,yes,yes,,official_site,,
Pretium Packaging,1,Genstar Capital,genstar-capital,yes,yes,,official_site,,
PrimeSense,1,Silver Lake,silver-lake,no,yes,,official_site,https://www.silverlake.com/portfolio/primesense/,
Procure Analytics,1,Genstar Capital,genstar-capital,yes,yes,,official_site,,
Prometheus Group,1,Genstar Capital,genstar-capital,yes,yes,,official_site,,
PropLogix,1,Accel-KKR,accel-kkr,no,yes,https://lltrck.com,official_site,https://www.accel-kkr.com/portfolio-company/proplogix/,
ProService,1,Silver Lake,silver-lake,no,yes,,official_site,https://www.silverlake.com/portfolio/proservice/,
ProSiebenSat.1 Media AG,1,Hellman & Friedman,hellman-friedman,no,yes,,official_site,https://hf.com/portfolio/prosiebensat-1-media-ag/,
Qualtrics,1,Silver Lake,silver-lake,no,yes,,official_site,https://www.silverlake.com/portfolio/qualtrics/,
Quartex,1,Accel-KKR,accel-kkr,no,yes,https://quartexsoftware.com,official_site,https://www.accel-kkr.com/portfolio-company/quartex/,
Quickbase,1,Vista Equity Partners,vista-equity,no,yes,,official_site|wikipedia,https://www.vistaequitypartners.com/company/quick-base/,https://en.wikipedia.org/wiki/Quickbase
Quorum Software,1,Silver Lake,silver-lake,no,yes,,official_site,https://www.silverlake.com/portfolio/quorum-software/,
RAC,1,Silver Lake,silver-lake,no,yes,,official_site,https://www.silverlake.com/portfolio/rac/,
RadarFirst,1,Vista Equity Partners,vista-equity,no,yes,,official_site,https://www.vistaequitypartners.com/company/radarfirst/,
Reapit,1,Accel-KKR,accel-kkr,no,yes,https://lltrck.com,official_site,https://www.accel-kkr.com/portfolio-company/reapit/,
Recurly,1,Accel-KKR,accel-kkr,no,yes,https://recurly.com,geig_article|official_site,https://www.accel-kkr.com/portfolio-company/recurly/,
Red Ventures,1,Silver Lake,silver-lake,no,yes,,official_site|wikipedia,https://www.silverlake.com/portfolio/red-ventures/,https://en.wikipedia.org/wiki/Red_Ventures
Redwood Software,1,Vista Equity Partners,vista-equity,no,yes,,official_site,https://www.vistaequitypartners.com/company/redwood-software/,
REG Technologies,1,Accel-KKR,accel-kkr,no,yes,https://reg.uk.com,official_site,https://www.accel-kkr.com/portfolio-company/reg-technologies/,
Regulatory DataCorp,1,Vista Equity Partners,vista-equity,no,yes,,official_site,https://www.vistaequitypartners.com/company/rdc/,
Relativity,1,Silver Lake,silver-lake,no,yes,,official_site,https://www.silverlake.com/portfolio/relativity/,
Reliance Retail,1,Silver Lake,silver-lake,no,yes,,official_site,https://www.silverlake.com/portfolio/reliance-retail/,
Relias Learning,1,Vista Equity Partners,vista-equity,no,yes,,official_site,https://www.vistaequitypartners.com/company/relias-learning-llc/,
Renaissance Learning,1,Hellman & Friedman,hellman-friedman,no,yes,,official_site,https://hf.com/portfolio/renaissance-learning-inc/,
Renovate America,1,Silver Lake,silver-lake,no,yes,,official_site,https://www.silverlake.com/portfolio/renovate-america/,
Residex,1,Accel-KKR,accel-kkr,no,yes,https://lltrck.com,official_site,https://www.accel-kkr.com/portfolio-company/residex/,
Resilinc,1,Vista Equity Partners,vista-equity,no,yes,,official_site,https://www.vistaequitypartners.com/company/resilinc/,
Return Path,1,Vista Equity Partners,vista-equity,no,yes,,official_site,https://www.vistaequitypartners.com/company/return-path/,
Reynolds & Reynolds,1,Vista Equity Partners,vista-equity,no,yes,,official_site,https://www.vistaequitypartners.com/company/reynoldsandreynolds/,
RiskExec,1,Vista Equity Partners,vista-equity,no,yes,,official_site,https://www.vistaequitypartners.com/company/riskexec/,
Riverstone Networks,1,Silver Lake,silver-lake,no,yes,,official_site,https://www.silverlake.com/portfolio/riverstone/,
Rock-It,1,Providence Equity Partners,providence-equity,yes,yes,,official_site,,
RollKall,1,Vista Equity Partners,vista-equity,no,yes,,official_site,https://www.vistaequitypartners.com/company/rollkall/,
Root,1,Silver Lake,silver-lake,no,yes,,official_site,https://www.silverlake.com/portfolio/root/,
Sabre,1,Silver Lake,silver-lake,no,yes,,official_site,https://www.silverlake.com/portfolio/sabre/,
Safe-Guard,1,Hellman & Friedman,hellman-friedman,no,yes,,official_site,https://hf.com/portfolio/safe-guard/,
Safeguard Global,1,Accel-KKR,accel-kkr,no,yes,https://www.safeguardglobal.com,official_site,https://www.accel-kkr.com/portfolio-company/safeguard-global/,
Salary.com,1,Accel-KKR,accel-kkr,no,yes,https://www.salary.com,geig_article|official_site,https://www.accel-kkr.com/portfolio-company/salary-com/,
SCG,1,Providence Equity Partners,providence-equity,yes,yes,,official_site,,
Schoox,1,Vista Equity Partners,vista-equity,no,yes,,official_site,https://www.vistaequitypartners.com/company/schoox/,
Scout24 Holding GmbH,1,Hellman & Friedman,hellman-friedman,no,yes,,official_site,https://hf.com/portfolio/scout24-holding-gmbh/,
Seagate,1,Silver Lake,silver-lake,no,yes,,official_site,https://www.silverlake.com/portfolio/seagate/,
SecureLink,1,Vista Equity Partners,vista-equity,no,yes,,official_site,https://www.vistaequitypartners.com/company/securelink/,
Securonix,1,Vista Equity Partners,vista-equity,no,yes,,official_site,https://www.vistaequitypartners.com/company/securonix/,
Sedgwick CMS,1,Hellman & Friedman,hellman-friedman,no,yes,,official_site,https://hf.com/portfolio/sedgwick-cms/,
SEER,1,Genstar Capital,genstar-capital,yes,yes,,official_site,,
Seesaw,1,Providence Equity Partners,providence-equity,yes,yes,,geig_article|official_site,,
Sensata Technologies,1,Silver Lake,silver-lake,no,yes,,official_site,https://www.silverlake.com/portfolio/sensata-technologies/,
SenseTime,1,Silver Lake,silver-lake,no,yes,,official_site,https://www.silverlake.com/portfolio/sensetime/,
Sensor Tower,1,Accel-KKR,accel-kkr,no,yes,https://sensortower.com,official_site,https://www.accel-kkr.com/portfolio-company/sensor-tower/,
SER Solutions,1,Vista Equity Partners,vista-equity,no,yes,,official_site,https://www.vistaequitypartners.com/company/ser/,
Serena,1,Silver Lake,silver-lake,no,yes,,official_site,https://www.silverlake.com/portfolio/serena/,
ServiceMax,1,Silver Lake,silver-lake,no,yes,,official_site|wikipedia,https://www.silverlake.com/portfolio/servicemax/,https://en.wikipedia.org/wiki/ServiceMax
Shadowbox Studios,1,Silver Lake,silver-lake,no,yes,,official_site,https://www.silverlake.com/portfolio/shadowbox/,
Sheridan Holdings,1,Hellman & Friedman,hellman-friedman,no,yes,,official_site,https://hf.com/portfolio/sheridan-holdings-inc/,
Signant Health,1,Genstar Capital,genstar-capital,yes,yes,,official_site,,
Siigo,1,Accel-KKR,accel-kkr,no,yes,https://lltrck.com,official_site,https://www.accel-kkr.com/portfolio-company/siigo/,
Silae,1,Silver Lake,silver-lake,no,yes,,official_site,https://www.silverlake.com/portfolio/silae/,
SimplePractice,1,Vista Equity Partners,vista-equity,no,yes,,official_site,https://www.vistaequitypartners.com/company/simplepractice/,
SimpliSafe,1,Hellman & Friedman,hellman-friedman,no,yes,,official_site,https://hf.com/portfolio/simplisafe/,
Singletrack,1,Accel-KKR,accel-kkr,no,yes,https://www.singletrack.com,official_site,https://www.accel-kkr.com/portfolio-company/singletrack/,
SirsiDynix,1,Vista Equity Partners,vista-equity,no,yes,,official_site|wikipedia,https://www.vistaequitypartners.com/company/sirsidynix/,https://en.wikipedia.org/wiki/SirsiDynix
Skype,1,Silver Lake,silver-lake,no,yes,,official_site|wikipedia,https://www.silverlake.com/portfolio/skype/,https://en.wikipedia.org/wiki/Skype
Smart Communications,1,Accel-KKR,accel-kkr,no,yes,https://www.smartcommunications.com,official_site,https://www.accel-kkr.com/portfolio-company/smart-communications/,
SMART Global Holdings,1,Silver Lake,silver-lake,no,yes,,official_site,https://www.silverlake.com/portfolio/smart-global-holdings/,
SMART Storage Systems,1,Silver Lake,silver-lake,no,yes,,official_site,https://www.silverlake.com/portfolio/smart-storage-systems/,
SmartBear,1,Vista Equity Partners,vista-equity,no,yes,,official_site,https://www.vistaequitypartners.com/company/smartbear/,
Smartly,1,Providence Equity Partners,providence-equity,yes,yes,,official_site,,
Smartsheet,1,Vista Equity Partners,vista-equity,no,yes,,official_site|wikipedia,https://www.vistaequitypartners.com/company/smartsheet/,https://en.wikipedia.org/wiki/Smartsheet_Inc.
Snap One,1,Hellman & Friedman,hellman-friedman,no,yes,,official_site,https://hf.com/portfolio/snapone/,
SoFi,1,Silver Lake,silver-lake,no,yes,,official_site,https://www.silverlake.com/portfolio/sofi/,
Software AG,1,Silver Lake,silver-lake,no,yes,,official_site|wikipedia,https://www.silverlake.com/portfolio/software-ag/,https://en.wikipedia.org/wiki/Software_AG
SolarCity,1,Silver Lake,silver-lake,no,yes,,official_site,https://www.silverlake.com/portfolio/solarcity/,
SolarWinds,1,Silver Lake,silver-lake,no,yes,,official_site,https://www.silverlake.com/portfolio/solarwinds/,
Solera,1,Vista Equity Partners,vista-equity,no,yes,,official_site,https://www.vistaequitypartners.com/company/solera/,
Sonatype,1,Vista Equity Partners,vista-equity,no,yes,,official_site,https://www.vistaequitypartners.com/company/sonatype/,
Sonny’s Enterprises,1,Genstar Capital,genstar-capital,yes,yes,,official_site,,
SourceNet Solutions,1,Vista Equity Partners,vista-equity,no,yes,,official_site,https://www.vistaequitypartners.com/company/sourcenet-solutions/,
Sovos Compliance,1,Vista Equity Partners,vista-equity,no,yes,,official_site,https://www.vistaequitypartners.com/company/sovos-compliance/,
Spansion,1,Silver Lake,silver-lake,no,yes,,official_site,https://www.silverlake.com/portfolio/spansion/,
Sphera,1,Genstar Capital,genstar-capital,yes,yes,,official_site,,
Spreadtrum,1,Silver Lake,silver-lake,no,yes,,official_site,https://www.silverlake.com/portfolio/spreadtrum/,
Springbrook Software,1,Accel-KKR,accel-kkr,no,yes,https://lltrck.com,official_site,https://www.accel-kkr.com/portfolio-company/springbrook-software/,
Sprinklr,1,Hellman & Friedman,hellman-friedman,no,yes,,official_site,https://hf.com/portfolio/sprinklr/,
SRC Software,1,Vista Equity Partners,vista-equity,no,yes,,official_site,https://www.vistaequitypartners.com/company/src-software/,
SSP Holdings,1,Hellman & Friedman,hellman-friedman,no,yes,,official_site,https://hf.com/portfolio/ssp-holdings-plc/,
Stack Sports,1,Genstar Capital,genstar-capital,yes,yes,,official_site,,
Staritas,1,Accel-KKR,accel-kkr,no,yes,https://staritas.com,official_site,https://www.accel-kkr.com/portfolio-company/staritas/,
StarRez,1,Vista Equity Partners,vista-equity,no,yes,,official_site,https://www.vistaequitypartners.com/company/starrez/,
Stats Perform,1,Vista Equity Partners,vista-equity,no,yes,,official_site|wikipedia,https://www.vistaequitypartners.com/company/stats-perform/,https://en.wikipedia.org/wiki/Stats_Perform
StoreForce,1,Accel-KKR,accel-kkr,no,yes,https://storeforcesolutions.com,official_site,https://www.accel-kkr.com/portfolio-company/storeforce/,
Strategic Insight,1,Genstar Capital,genstar-capital,yes,yes,,official_site,,
Stripe,1,Silver Lake,silver-lake,no,yes,,official_site,https://www.silverlake.com/portfolio/stripe/,
SubmitOrder,1,Silver Lake,silver-lake,no,yes,,official_site,https://www.silverlake.com/portfolio/submitorder/,
Submittable,1,Accel-KKR,accel-kkr,no,yes,https://lltrck.com,official_site,https://www.accel-kkr.com/portfolio-company/submittable/,
SugarAI,1,Accel-KKR,accel-kkr,no,yes,https://sugarai.com,official_site,https://www.accel-kkr.com/portfolio-company/sugarai/,
SumTotal,1,Vista Equity Partners,vista-equity,no,yes,,official_site,https://www.vistaequitypartners.com/company/sumtotal-systems/,
SunGard,1,Silver Lake,silver-lake,no,yes,,official_site,https://www.silverlake.com/portfolio/sungard/,
Sunquest Information Systems,1,Vista Equity Partners,vista-equity,no,yes,,official_site|wikipedia,https://www.vistaequitypartners.com/company/sunquest-information-systems/,https://en.wikipedia.org/wiki/Sunquest_Information_Systems
Surgical Information Systems,1,Vista Equity Partners,vista-equity,no,yes,,official_site,https://www.vistaequitypartners.com/company/surgical-information-systems/,
Sweetwater,1,Providence Equity Partners,providence-equity,yes,yes,,official_site,,
Sycurio,1,Accel-KKR,accel-kkr,no,yes,https://sycurio.com,official_site,https://www.accel-kkr.com/portfolio-company/sycurio/,
Symfonia,1,Accel-KKR,accel-kkr,no,yes,https://symfonia.pl,official_site,https://www.accel-kkr.com/portfolio-company/symfonia/,
Tactiq,1,Accel-KKR,accel-kkr,no,yes,https://www.tactiqtech.com,official_site,https://www.accel-kkr.com/portfolio-company/tactiq/,
Tai Software,1,Accel-KKR,accel-kkr,no,yes,https://tai-software.com,official_site,https://www.accel-kkr.com/portfolio-company/tai-software/,
TAL Education Group,1,Silver Lake,silver-lake,no,yes,,official_site,https://www.silverlake.com/portfolio/tal-education-group/,
Talend,1,Silver Lake,silver-lake,no,yes,,official_site,https://www.silverlake.com/portfolio/talend/,
Tandberg,1,Silver Lake,silver-lake,no,yes,,official_site,https://www.silverlake.com/portfolio/tandberg/,
TapClicks,1,Accel-KKR,accel-kkr,no,yes,https://www.tapclicks.com,official_site,https://www.accel-kkr.com/portfolio-company/tapclicks/,
TaxDome,1,Accel-KKR,accel-kkr,no,yes,https://taxdome.com,official_site,https://www.accel-kkr.com/portfolio-company/taxdome/,
Teamcore,1,Accel-KKR,accel-kkr,no,yes,https://www.teamcore.net,official_site,https://www.accel-kkr.com/portfolio-company/teamcore/,
Tecomet,1,Genstar Capital,genstar-capital,yes,yes,,official_site,,
TEG,1,Silver Lake,silver-lake,no,yes,,official_site,https://www.silverlake.com/portfolio/teg/,
Tekni-Plex,1,Genstar Capital,genstar-capital,yes,yes,,official_site,,
TELCOR,1,Accel-KKR,accel-kkr,no,yes,https://telcor.com,official_site,https://www.accel-kkr.com/portfolio-company/telcor/,
Telestream,1,Genstar Capital,genstar-capital,yes,yes,,official_site,,
Tenstreet,1,Providence Equity Partners,providence-equity,yes,yes,,geig_article|official_site,,
Terremark,1,Silver Lake,silver-lake,no,yes,,official_site,https://www.silverlake.com/portfolio/terremark/,
TERREPOWER,1,Genstar Capital,genstar-capital,yes,yes,,official_site,,
Tesla,1,Silver Lake,silver-lake,no,yes,,official_site,https://www.silverlake.com/portfolio/tesla/,
Texas Genco,1,Hellman & Friedman,hellman-friedman,no,yes,,official_site,https://hf.com/portfolio/texas-genco-llc/,
THE·TEAM,1,Providence Equity Partners,providence-equity,yes,yes,,official_site,,
Thomson,1,Silver Lake,silver-lake,no,yes,,official_site,https://www.silverlake.com/portfolio/thomson/,
Thrasio,1,Silver Lake,silver-lake,no,yes,,official_site,https://www.silverlake.com/portfolio/thrasio/,
TigerConnect,1,Vista Equity Partners,vista-equity,no,yes,,official_site,https://www.vistaequitypartners.com/company/tigerconnect/,
TikTok USDS JV,1,Silver Lake,silver-lake,no,yes,,official_site,https://www.silverlake.com/portfolio/tiktok-usds-jv/,
Tintri,1,Silver Lake,silver-lake,no,yes,,official_site,https://www.silverlake.com/portfolio/tintri/,
Tipalti,1,Accel-KKR,accel-kkr,no,yes,https://tipalti.com,official_site,https://www.accel-kkr.com/portfolio-company/tipalti/,
Tithe.ly,1,Accel-KKR,accel-kkr,no,yes,https://get.tithe.ly,official_site,https://www.accel-kkr.com/portfolio-company/tithe-ly/,
Tomia,1,Vista Equity Partners,vista-equity,no,yes,,official_site,https://www.vistaequitypartners.com/company/tomia/,
ToolsGroup,1,Accel-KKR,accel-kkr,no,yes,https://lltrck.com,official_site,https://www.accel-kkr.com/portfolio-company/toolsgroup/,
TransFirst,1,Vista Equity Partners,vista-equity,no,yes,,official_site,https://www.vistaequitypartners.com/company/transfirst/,
TravelClick,1,Genstar Capital,genstar-capital,yes,yes,,official_site,,
Trax Technologies,1,Accel-KKR,accel-kkr,no,yes,https://www.traxtech.com,official_site,https://www.accel-kkr.com/portfolio-company/trax/,
TREND Health Partners,1,Accel-KKR,accel-kkr,no,yes,https://lltrck.com,official_site,https://www.accel-kkr.com/portfolio-company/trend-health-partners/,
TRG Screen,1,Vista Equity Partners,vista-equity,no,yes,,official_site,https://www.vistaequitypartners.com/company/trg-screen/,
Tribute Technology,1,Vista Equity Partners,vista-equity,no,yes,,official_site,https://www.vistaequitypartners.com/company/tribute-technology/,
Trintech,1,Vista Equity Partners,vista-equity,no,yes,,official_site,https://www.vistaequitypartners.com/company/trintech/,
TripleLift,1,Vista Equity Partners,vista-equity,no,yes,,official_site,https://www.vistaequitypartners.com/company/triplelift/,
Tripleseat,1,Vista Equity Partners,vista-equity,no,yes,,official_site,https://www.vistaequitypartners.com/company/tripleseat/,
TrueCommerce,1,Accel-KKR,accel-kkr,no,yes,https://lltrck.com,official_site,https://www.accel-kkr.com/portfolio-company/truecommerce/,
Twitter,1,Silver Lake,silver-lake,no,yes,,official_site,https://www.silverlake.com/portfolio/twitter/,
UFC,1,Silver Lake,silver-lake,no,yes,,official_site,https://www.silverlake.com/portfolio/ufc/,
UGS,1,Silver Lake,silver-lake,no,yes,,official_site,https://www.silverlake.com/portfolio/ugs/,
UiPath,1,Silver Lake,silver-lake,no,yes,,official_site,https://www.silverlake.com/portfolio/uipath/,
UKG (Ultimate Kronos Group),1,Hellman & Friedman,hellman-friedman,no,yes,,official_site,https://hf.com/portfolio/ukg-ultimate-kronos-group/,
Unimarket,1,Accel-KKR,accel-kkr,no,yes,https://unimarket.com,official_site,https://www.accel-kkr.com/portfolio-company/unimarket/,
Unity,1,Silver Lake,silver-lake,no,yes,,official_site,https://www.silverlake.com/portfolio/unity/,
Unitymedia,1,Silver Lake,silver-lake,no,yes,,official_site,https://www.silverlake.com/portfolio/unitymedia/,
UpKeep,1,Accel-KKR,accel-kkr,no,yes,https://lltrck.com,official_site,https://www.accel-kkr.com/portfolio-company/upkeep/,
Upserve,1,Vista Equity Partners,vista-equity,no,yes,,official_site,https://www.vistaequitypartners.com/company/upserve/,
Upside,1,Vista Equity Partners,vista-equity,no,yes,,official_site,https://www.vistaequitypartners.com/company/upside/,
Vantage Data Centers,1,Silver Lake,silver-lake,no,yes,,official_site,https://www.silverlake.com/portfolio/vantage-data-centers/,
Vantage Group Holdings,1,Hellman & Friedman,hellman-friedman,no,yes,,official_site,https://hf.com/portfolio/vantage-group-holdings-ltd/,
Vector Solutions,1,Genstar Capital,genstar-capital,yes,yes,,official_site,,
Velocity Technology Solutions,1,Silver Lake,silver-lake,no,yes,,official_site,https://www.silverlake.com/portfolio/velocity-technology-solutions/,
Vena Solutions,1,Vista Equity Partners,vista-equity,no,yes,,official_site,https://www.vistaequitypartners.com/company/vena-solutions/,
Vendavo,1,Accel-KKR,accel-kkr,no,yes,https://lltrck.com,official_site,https://www.accel-kkr.com/portfolio-company/vendavo/,
Ventyx,1,Vista Equity Partners,vista-equity,no,yes,,official_site,https://www.vistaequitypartners.com/company/ventyx/,
Veoci,1,Accel-KKR,accel-kkr,no,yes,https://veoci.com,official_site,https://www.accel-kkr.com/portfolio-company/veoci/,
Verily,1,Silver Lake,silver-lake,no,yes,,official_site|wikipedia,https://www.silverlake.com/portfolio/verily/,https://en.wikipedia.org/wiki/Verily
Verisure,1,Hellman & Friedman,hellman-friedman,no,yes,,official_site,https://hf.com/portfolio/verisure/,
Veryon,1,Accel-KKR,accel-kkr,no,yes,https://veryon.com,official_site,https://www.accel-kkr.com/portfolio-company/veryon/,
Virtu Financial,1,Silver Lake,silver-lake,no,yes,,official_site,https://www.silverlake.com/portfolio/virtu-financial/,
VisiQuate,1,Accel-KKR,accel-kkr,no,yes,https://www.visiquate.com,official_site,https://www.accel-kkr.com/portfolio-company/visiquate/,
Vitu,1,Accel-KKR,accel-kkr,no,yes,https://lltrck.com,official_site,https://www.accel-kkr.com/portfolio-company/vitu/,
VivaGym,1,Providence Equity Partners,providence-equity,yes,yes,,official_site,,
Vivid Seats,1,Vista Equity Partners,vista-equity,no,yes,,official_site,https://www.vistaequitypartners.com/company/vivid-seats/,
VMware,1,Silver Lake,silver-lake,no,yes,,official_site,https://www.silverlake.com/portfolio/vmware/,
Waymo,1,Silver Lake,silver-lake,no,yes,,official_site|wikipedia,https://www.silverlake.com/portfolio/waymo/,https://en.wikipedia.org/wiki/Waymo
Web Reservations International,1,Hellman & Friedman,hellman-friedman,no,yes,,official_site,https://hf.com/portfolio/web-reservations-international-ltd/,
Websense,1,Vista Equity Partners,vista-equity,no,yes,,official_site,https://www.vistaequitypartners.com/company/websense/,
Whip Around,1,Accel-KKR,accel-kkr,no,yes,https://lltrck.com,official_site,https://www.accel-kkr.com/portfolio-company/whip-around/,
Wood Mackenzie,1,Hellman & Friedman,hellman-friedman,no,yes,,official_site,https://hf.com/portfolio/wood-mackenzie-ltd/,
Woods Equipment,1,Genstar Capital,genstar-capital,yes,yes,,official_site,,
WorkTango,1,Vista Equity Partners,vista-equity,no,yes,,official_site,https://www.vistaequitypartners.com/company/worktango/,
WP Engine,1,Silver Lake,silver-lake,no,yes,,official_site|wikipedia,https://www.silverlake.com/portfolio/wp-engine/,https://en.wikipedia.org/wiki/WP_Engine
Wrike,1,Vista Equity Partners,vista-equity,no,yes,,official_site|wikipedia,https://www.vistaequitypartners.com/company/wrike/,https://en.wikipedia.org/wiki/Wrike
Xactly,1,Vista Equity Partners,vista-equity,no,yes,,official_site,https://www.vistaequitypartners.com/company/xactly/,
Xoriant,1,Silver Lake,silver-lake,no,yes,,official_site,https://www.silverlake.com/portfolio/xoriant/,
Xplor Technologies,1,Silver Lake,silver-lake,no,yes,,official_site,https://www.silverlake.com/portfolio/clubessential-holdings/,
Yes Energy,1,Accel-KKR,accel-kkr,no,yes,https://www.yesenergy.com,official_site,https://www.accel-kkr.com/portfolio-company/yes-energy/,
Young & Rubicam,1,Hellman & Friedman,hellman-friedman,no,yes,,official_site,https://hf.com/portfolio/young-rubicam-inc/,
Zapproved,1,Vista Equity Partners,vista-equity,no,yes,,official_site,https://www.vistaequitypartners.com/company/zapproved/,
Zego,1,Vista Equity Partners,vista-equity,no,yes,,official_site,https://www.vistaequitypartners.com/company/zego/,
Zendesk,1,Hellman & Friedman,hellman-friedman,no,yes,,official_site,https://hf.com/portfolio/zendesk/,
zooplus,1,Hellman & Friedman,hellman-friedman,no,yes,,official_site,https://hf.com/portfolio/zooplus/,
ZPG,1,Silver Lake,silver-lake,no,yes,,official_site,https://www.silverlake.com/portfolio/zpg/,
Zuora,1,Silver Lake,silver-lake,no,yes,,official_site,https://www.silverlake.com/portfolio/zuora/,
Zynga,1,Silver Lake,silver-lake,no,yes,,official_site,https://www.silverlake.com/portfolio/zynga/,
Zywave,1,Vista Equity Partners,vista-equity,no,yes,,official_site|wikipedia,https://www.vistaequitypartners.com/company/zywave/,https://en.wikipedia.org/wiki/Zywave
